{"cameraMode":{"drawMode":0,"name":"Shaded","section":"Shading Mode"},"sceneLighting":true,"audioPlay":false,"sceneViewState":{"m_AlwaysRefresh":false,"showFog":true,"showSkybox":true,"showFlares":true,"showImageEffects":true,"showParticleSystems":true,"showVisualEffectGraphs":true,"m_FxEnabled":true},"in2DMode":false,"pivot":{"x":12.795689582824707,"y":0.748134970664978,"z":13.598058700561524},"rotation":{"x":0.11014851182699204,"y":0.8472228646278381,"z":-0.1937665343284607,"w":0.48020875453948977},"size":22.54411506652832,"orthographic":false}