{"cameraMode":{"drawMode":0,"name":"Shaded","section":"Shading Mode"},"sceneLighting":true,"audioPlay":false,"sceneViewState":{"m_AlwaysRefresh":false,"showFog":true,"showSkybox":true,"showFlares":true,"showImageEffects":true,"showParticleSystems":true,"showVisualEffectGraphs":true,"m_FxEnabled":true},"in2DMode":false,"pivot":{"x":23.658618927001954,"y":1.2347437143325806,"z":4.627125263214111},"rotation":{"x":0.014555119909346104,"y":0.980884313583374,"z":-0.17222633957862855,"w":0.06852743774652481},"size":3.8938422203063967,"orthographic":false}