{"cameraMode":{"drawMode":0,"name":"Shaded","section":"Shading Mode"},"sceneLighting":true,"audioPlay":false,"sceneViewState":{"m_AlwaysRefresh":false,"showFog":true,"showSkybox":true,"showFlares":true,"showImageEffects":true,"showParticleSystems":true,"showVisualEffectGraphs":true,"m_FxEnabled":true},"in2DMode":false,"pivot":{"x":1.6190531253814698,"y":11.094558715820313,"z":3.35583233833313},"rotation":{"x":0.06593122333288193,"y":0.41635769605636599,"z":-0.028580455109477044,"w":0.9049655795097351},"size":1.3373304605484009,"orthographic":false}